,low_vol,high_vol
low_vol,0.996356383780402,0.00364361621959786
high_vol,0.010627904915269226,0.9893720950847307
