,low_vol,high_vol
low_vol,0.9965072027909997,0.0034927972090002626
high_vol,0.010040484299280486,0.9899595157007195
