,low_vol,high_vol
low_vol,0.9963325824534686,0.003667417546531449
high_vol,0.010695388403278402,0.9893046115967216
