,low_vol,high_vol
low_vol,0.9976522888859481,0.0023477111140518133
high_vol,0.023560659855237216,0.9764393401447627
