,low_vol,high_vol
low_vol,0.9942602260832027,0.005739773916797325
high_vol,0.004688246859588168,0.9953117531404119
