,low_vol,high_vol
low_vol,0.9942601842389845,0.005739815761015417
high_vol,0.004688319287171089,0.9953116807128289
